"R2","MAE","RMSE","MAPE","AIC","BIC"
0.597363970105596,2216.30518099161,2986.35213168441,0.437944108330815,27702.9945098084,27718.8735628478
