"AIC","BIC","Deviance","Null_Deviance","Accuracy"
1257.09588086269,1267.68191622224,1253.09588086269,1298.58270083065,0.838775510204082
